{"cameraMode":{"drawMode":0,"name":"Shaded","section":"Shading Mode"},"sceneLighting":false,"audioPlay":false,"sceneViewState":{"showFog":true,"showMaterialUpdate":false,"showSkybox":false,"showFlares":true,"showImageEffects":true,"showParticleSystems":true},"in2DMode":false,"pivot":{"x":-4.769999980926514,"y":0.14063820242881776,"z":-8.279999732971192},"rotation":{"x":0.15448379516601563,"y":0.5402154326438904,"z":-0.10165480524301529,"w":0.8209571838378906},"size":1.510301947593689,"orthographic":false}