{"cameraMode":{"drawMode":0,"name":"Shaded","section":"Shading Mode"},"sceneLighting":false,"audioPlay":false,"sceneViewState":{"showFog":true,"showMaterialUpdate":false,"showSkybox":false,"showFlares":true,"showImageEffects":true,"showParticleSystems":true},"in2DMode":false,"pivot":{"x":4.959072113037109,"y":4.999218463897705,"z":13.023123741149903},"rotation":{"x":-0.02811281941831112,"y":0.9678683280944824,"z":0.1261446475982666,"w":0.215720072388649},"size":11.192543029785157,"orthographic":false}