{"cameraMode":{"drawMode":0,"name":"Shaded","section":"Shading Mode"},"sceneLighting":false,"audioPlay":false,"sceneViewState":{"showFog":true,"showMaterialUpdate":false,"showSkybox":false,"showFlares":true,"showImageEffects":true,"showParticleSystems":true},"in2DMode":false,"pivot":{"x":-27.480260848999025,"y":6.449491500854492,"z":11.023690223693848},"rotation":{"x":-0.00654914416372776,"y":-0.12566539645195008,"z":-0.000828248739708215,"w":0.9920572638511658},"size":17.809356689453126,"orthographic":false}