{"cameraMode":{"drawMode":0,"name":"Shaded","section":"Shading Mode"},"sceneLighting":false,"audioPlay":false,"sceneViewState":{"showFog":true,"showMaterialUpdate":false,"showSkybox":false,"showFlares":true,"showImageEffects":true,"showParticleSystems":true},"in2DMode":false,"pivot":{"x":-29.533872604370118,"y":3.7626476287841799,"z":1.4034180641174317},"rotation":{"x":-0.04099828749895096,"y":0.7650782465934753,"z":-0.048955485224723819,"w":-0.6407670378684998},"size":34.46080780029297,"orthographic":false}